"","x"
"700",-50.141935483871
"701",-44.218947368421
"702",-44.54125
"703",-47.0823076923077
"704",-47.744
"705",-51.8725
"706",-49.1125
"707",-52.7988888888889
"708",-46.0892105263158
"709",-47.997
"710",-48.25
"711",-48.8287096774194
"712",-46.654375
"713",-47.7063636363636
"714",-48.5544117647059
"715",-45.145
"716",-44.3738235294118
"717",-50.8566666666667
"718",-44.36875
"719",-53.6385714285714
"720",-48.6263636363636
"721",-49.5881818181818
"722",-50.0974193548387
"723",-49.7752631578947
"724",-47.9990909090909
"725",-46.6016666666667
"726",-47.738064516129
"727",-47.514
"728",-48.848
"729",-48.963
"731",-45.5666666666667
"732",-45.5546875
"733",-50.0280769230769
"735",-47.0646153846154
"736",-48.5703571428571
"737",-49.2118181818182
"738",-48.0282142857143
"739",-47.5124137931034
"740",-47.81875
"741",-49.906
"742",-46.5058333333333
"743",-48.1267857142857
"744",-47.215
"745",-48.8563636363636
"746",-46.4757142857143
"747",-44.9189655172414
"748",-45.9116666666667
"749",-46.3716666666667
"751",-49.4958333333333
"754",-48.71
"755",-46.441724137931
"756",-45.0927272727273
"757",-45.6004
"758",-45.0855172413793
"759",-46.7654545454545
"760",-42.914
"761",-51.0652
"763",-47.1836363636364
"765",-47.4873684210526
"766",-47.7481818181818
"767",-51.9388461538462
"768",-46.594
"769",-46.64
"770",-48.6729032258065
"771",-50.458
"772",-47.836
"773",-44.9452631578947
"774",-50.412
"775",-48.5375
"776",-48.3732142857143
"777",-48.0035714285714
"778",-48.9162068965517
"779",-46.09375
"780",-44.11
"781",-47.33
"782",-46.9812903225806
"783",-43.9541935483871
"784",-48.8448275862069
"786",-50.2248275862069
"788",-47.0425
"789",-45.49
"790",-46.686
"791",-46.295
"793",-45.540487804878
"794",-46.1126829268293
"795",-49.0139285714286
"796",-42.638
"797",-47.6551724137931
"798",-50.8128571428571
"799",-48.5303125
"800",-49.055
"802",-47.008
"803",-47.054
"804",-47.2672727272727
"805",-48.7675
"806",-49.7720588235294
"807",-47.8922222222222
"808",-47.99125
"809",-47.2331578947368
"810",-44.9971428571429
"811",-47.9625
"812",-47.8238235294118
"813",-48.4471428571429
"814",-46.9714705882353
"815",-46.3626470588235
"816",-46.2183333333333
"818",-49.285
"819",-45.6565517241379
"820",-51.01
"821",-48.4879310344828
"822",-47.3421052631579
"823",-50.573
"824",-48.5822222222222
"826",-45.3366666666667
"827",-42.8184615384615
"828",-45.0670967741935
"829",-51.438275862069
"830",-52.4639285714286
"831",-48.5838709677419
"832",-46.6975
"833",-43.9410204081633
"834",-48.595
"835",-49.3661764705882
"836",-47.56
"837",-47.4811428571429
"838",-52.252
"839",-50.6983870967742
"840",-46.8497058823529
"841",-46.1191176470588
"842",-48.94
"843",-51.4042857142857
"844",-49.4575
"845",-50.918
"846",-50.621875
"847",-45.2520689655172
"848",-46.2076
"849",-47.6388571428571
"851",-45.9612195121951
"852",-48.687
"853",-46.9259459459459
"854",-45.5381395348837
"855",-43.7806818181818
"856",-50.7728125
"857",-50.75125
"858",-50.9272
"859",-47.7177142857143
"860",-48.1567567567568
"861",-51.84375
"862",-49.5560714285714
"863",-45.9658620689655
"864",-47.4991176470588
"865",-48.7167647058824
"866",-47.56
"867",-51.3796428571429
"868",-49.1429411764706
"869",-48.2054838709677
"871",-48.5654285714286
"872",-53.9557692307692
"873",-45.5091666666667
"874",-48.5062857142857
"875",-47.5972972972973
"876",-50.1967857142857
"877",-47.905
"878",-49.1909090909091
"879",-49.9868965517241
"880",-43.2012195121951
"881",-51.5068
"882",-36.1389552238806
"883",-41.626
"884",-44.9420588235294
"885",-43.8976923076923
"886",-46.18
"887",-43.8064
"888",-42.3738709677419
"889",-40.0917647058824
"890",-41.7923076923077
"891",-43.3655263157895
"892",-46.019
"893",-46.7665
"894",-47.1328571428571
"895",-42.1677777777778
"896",-46.4215
"897",-43.7926
"898",-46.15125
"899",-46.18
"900",-42.7946875
"901",-44.6275
"902",-49.584
"903",-42.64375
"904",-42.6183823529412
"905",-48.7174193548387
"906",-43.7461818181818
"907",-41.9414285714286
"908",-47.3628571428571
"909",-47.1310810810811
"910",-46.9804
"911",-44.7425
"912",-48.94
"913",-45.1795
"914",-48.5768421052632
"915",-45.188125
"916",-45.0628571428571
"917",-43.7286842105263
"918",-50.4925
"919",-49.3380769230769
"920",-45.9984210526316
"921",-44.0373684210526
"922",-43.4730769230769
"923",-44.2734210526316
"924",-44.4166666666667
"926",-46.6071428571429
"927",-47.1056097560976
"928",-47.0925806451613
"929",-46.18
"930",-43.6387804878049
"931",-46.3968571428571
"932",-46.7517142857143
"933",-46.1033333333333
"934",-45.1577777777778
"935",-46.4483333333333
"936",-43.33375
"937",-41.7416216216216
"938",-44.8985714285714
"939",-45.4192307692308
"940",-39.97
"941",-42.5176923076923
"942",-44.34
"943",-44.5393333333333
"944",-43.0868965517241
"945",-44.8276
"946",-46.1553571428571
"947",-51.5965
"948",-46.7933333333333
"949",-49.5488235294118
"950",-43.100243902439
"951",-46.7247368421053
"953",-39.8510344827586
"956",-44.938
"957",-42.6472
"958",-46.7445454545455
"960",-44.3071428571429
"961",-39.7884210526316
"964",-45.8036363636364
"965",-42.81625
"966",-41.6605
"967",-42.4920689655172
"968",-43.19
"969",-42.1385714285714
"971",-43.006
"972",-42.0783333333333
"973",-44.3295454545455
"975",-41.6566666666667
"976",-46.9063157894737
"977",-43.6579310344828
"978",-40.4116
"981",-39.4032142857143
"982",-43.7915384615385
"984",-45.122
"985",-43.7831578947368
"986",-41.92
"987",-44.018
"988",-42.01125
"990",-41.3054838709677
"991",-48.8772727272727
"993",-48.25
"994",-42.2864285714286
"995",-43.6378947368421
"996",-41.8192
"998",-44.938
"999",-41.60875
"2068",-49.8107142857143
"2069",-42.8795
"2070",-47.2026785714286
"2071",-43.71109375
"2072",-48.1047368421053
"2073",-43.0294339622642
"2074",-42.031038961039
"2075",-45.57625
"2079",-45.9468918918919
"2080",-45.7534545454545
"2081",-49.0067741935484
"2082",-43.6251351351351
"2083",-43.7704761904762
"2084",-48.48
"2085",-47.69
"2086",-44.4193103448276
"2087",-44.6357142857143
"2090",-43.1259016393443
"2092",-45.15578125
"2093",-44.8118965517241
"2094",-41.6785714285714
"2095",-44.5575675675676
"2096",-48.4394117647059
"2097",-43.5454545454545
"2098",-44.0988709677419
"2099",-43.5925
"2100",-45.352
"2101",-43.6395454545455
"2103",-44.0818367346939
"2129",-47.5446666666667
"2133",-44.76765625
"2134",-42.9025
"2135",-43.6158108108108
"2136",-44.3584
"2137",-43.4513636363636
"2139",-44.708
"2140",-43.5185714285714
"2141",-43.8976923076923
"2142",-41.5225
"2146",-47.6441463414634
"2150",-40.8114634146341
"2155",-40.246
"2162",-41.6930939226519
"2165",-42.8619117647059
"2167",-43.8563235294118
"2168",-43.6538983050847
"2176",-40.1581818181818
"2177",-41.6684615384615
"2179",-43.2342307692308
"2180",-42.0745
"2181",-44.593
"2182",-47.5194117647059
"2183",-41.155
"2184",-42.7146666666667
"2185",-40.5147368421053
"2186",-45.2464705882353
"2187",-44.9533333333333
"2188",-45.1994736842105
"2189",-44.2765517241379
"2190",-44.455
"2191",-40.039
"2192",-47.6585714285714
"2193",-43.765
"2195",-43.2788636363636
"2196",-43.558
"2198",-45.6556
"2200",-44.23075
"2201",-47.4614285714286
"2202",-40.9794444444444
"2203",-45.2025
"2204",-40.57375
"2205",-42.2451351351351
"2206",-43.075
"2207",-43.1834285714286
"2208",-40.4653846153846
"2209",-44.4358333333333
"2210",-47.1115
"2211",-41.6793181818182
"2212",-44.9558064516129
"2213",-44.57
"2214",-43.9621428571429
"2215",-42.2747422680412
"2216",-43.8950819672131
"2217",-44.064
"2218",-41.2842857142857
"2219",-44.0379104477612
"2220",-43.512
"2221",-40.1292307692308
"2222",-45.8706896551724
"2223",-42.0223076923077
"2225",-44.294
"2226",-41.35
"2227",-42.868
"2228",-40.7053947368421
"2230",-45.2435714285714
"2231",-41.8744
"2233",-47.5194117647059
"2234",-45.352
"2235",-44.7831707317073
"2236",-44.3598275862069
"2237",-43.1746666666667
"2238",-42.2669736842105
"2240",-41.2402272727273
"2241",-43.0355714285714
"2242",-40.5818867924528
"2243",-42.6348275862069
"2244",-43.42
"2245",-43.7316129032258
"2249",-43.3583928571429
"2250",-43.8392405063291
"2251",-45.6383177570093
"2252",-44.9922950819672
"2253",-46.3923076923077
"2254",-43.3063529411765
"2255",-45.1184615384615
"2256",-48.4137288135593
"2257",-46.6796551724138
"2258",-46.55
"2260",-45.3791071428571
"2261",-44.3084931506849
"2262",-45.1326785714286
"2263",-43.7595238095238
"2264",-43.7093548387097
"2265",-45.402380952381
"2266",-44.0705714285714
"2267",-42.0643529411765
"2268",-44.5739655172414
"2269",-45.0190476190476
"2270",-44.2850746268657
"2271",-44.9955
"2272",-47.1811764705882
"2273",-43.2228571428571
"2274",-44.9815789473684
"2275",-44.252380952381
"2276",-46.3114285714286
"2277",-44.2991935483871
"2278",-47.6622222222222
"2280",-45.2276056338028
"2281",-45.65171875
"2282",-45.1672580645161
"2283",-44.4854411764706
"2284",-44.6441935483871
"2285",-45.5465573770492
"2286",-45.805
"2288",-42.5866233766234
"2289",-44.4284615384615
"2290",-43.3519718309859
"2291",-45.628
"2292",-45.6473684210526
"2293",-44.0333333333333
"2294",-42.2272857142857
"2295",-42.755875
"2296",-43.4306153846154
"2297",-42.1977142857143
"2298",-44.327397260274
"2299",-43.7892957746479
"2300",-42.5435135135135
"2301",-44.8467796610169
"2302",-44.294
"2303",-45.4586363636364
"2304",-43.19
"2305",-43.2076923076923
"2306",-44.1342105263158
"2307",-45.3382
"2308",-44.7753571428571
"2309",-43.3160273972603
"2310",-42.6
"2311",-43.7003125
"2312",-44.4842372881356
"2313",-42.5353846153846
"2314",-44.5624590163934
"2315",-43.8317741935484
"2316",-46.6482142857143
"2317",-43.4278409090909
"2318",-44.27171875
"2319",-45.714025974026
"2320",-44.3471875
"2321",-45.1105
"2322",-42.65453125
"2323",-43.0230136986301
"2324",-45.5076923076923
"2325",-43.0215492957746
"2326",-43.8233846153846
"2327",-41.3845
"2328",-42.2629230769231
"2350",-47.8557142857143
"2356",-43.9102631578947
"2360",-45.5009523809524
"2361",-43.0281481481481
"2363",-42.9965909090909
"2364",-45.2489156626506
"2365",-46.223125
"2368",-45.5896666666667
"2369",-43.7122352941176
"2370",-40.7371710526316
"2371",-44.13875
"2373",-43.0351923076923
"2376",-48.6114285714286
"2377",-43.4533870967742
"2378",-44.0295
"2380",-45.4811538461538
"2381",-43.9551020408163
"2383",-45.8289473684211
"2384",-35.4945303867403
"2385",-46.1529411764706
"2386",-38.1705882352941
"2387",-48.0416981132075
"2388",-45.1331034482759
"2389",-45.0346
"2391",-45.3704
"2393",-40.9481318681319
"2394",-39.3907407407407
"2395",-48.1282352941176
"2396",-46.1315789473684
"2397",-46.3793333333333
"2398",-44.0282894736842
"2399",-41.925
"2400",-45.0634545454545
"2401",-45.1409411764706
"2404",-46.2526315789474
"2405",-43.7344303797468
"2406",-45.0835616438356
"2408",-44.5864285714286
"2409",-43.9140740740741
"2411",-41.2396
"2412",-45.6674285714286
"2413",-43.3720833333333
"2415",-42.9940740740741
"2416",-48.3596261682243
"2417",-40.6124137931034
"2418",-43.692967032967
"2419",-43.8471428571429
"2421",-46.0744705882353
"2423",-43.5948
"2425",-45.2224489795918
"2427",-43.5011764705882
"2428",-42.5368
"2431",-43.85125
"2432",-44.2546774193548
"2433",-51.1338461538462
"2434",-45.8925
"2436",-46.9954545454545
"2438",-44.55203125
"2440",-44.4151923076923
"2441",-42.6121951219512
"2442",-41.7127835051546
"2443",-50.1021052631579
"2444",-40.3578102189781
"2445",-45.5102941176471
"2446",-43.4748863636364
"2447",-41.6330769230769
"2448",-42.9025
"2449",-48.82
"2450",-45.743
"2451",-43.6664285714286
"2455",-42.73
"2458",-44.708
"2459",-45.145
"2460",-42.7573267326733
"2461",-44.5307317073171
"2464",-46.7626666666667
"2466",-43.052
"2469",-43.9462711864407
"2470",-46.0458333333333
"2471",-43.487868852459
"2473",-43.743164556962
"2474",-43.0808474576271
"2475",-40.66
"2476",-44.427027027027
"2477",-44.3839705882353
"2478",-43.27984375
"2479",-44.1225454545455
"2480",-44.0923076923077
"2481",-41.9459090909091
"2482",-43.0648529411765
"2483",-41.7375342465753
"2485",-48.0799295774648
"2486",-42.7214814814815
"2487",-44.2668181818182
"2489",-43.933488372093
"2490",-42.8752631578947
"2491",-46.4831818181818
"2492",-42.6187096774194
"2493",-41.7827118644068
"2494",-46.9466666666667
"2495",-43.8724590163934
"2496",-37.6444444444444
"2497",-46.87
"2498",-44.7233333333333
"2499",-41.3621052631579
"2500",-44.6451020408163
"2502",-43.39
"2503",-42.1852631578947
"2504",-46.1132258064516
"2505",-47.0425
"2506",-47.2426
"2507",-46.7792105263158
"2509",-45.7966666666667
"2510",-43.3122926829268
"2511",-43.9768421052632
"2512",-46.4586538461538
"2513",-44.2
"2514",-49.5623529411765
"2515",-35.6542452830189
"2516",-46.0036666666667
"2518",-41.1058461538462
"2520",-45.1568965517241
"2522",-45.05875
"2523",-43.5792307692308
"2526",-43.42
"2535",-46.4690540540541
"2536",-46.9413793103448
"2537",-43.04265625
"2541",-42.7034615384615
"2543",-42.6743548387097
"2544",-42.6831067961165
"2545",-41.7387323943662
"2546",-43.0626785714286
"2547",-41.9344705882353
"2550",-42.8583720930233
"2551",-44.2772727272727
"2552",-41.793119266055
"2556",-44.2687
"2557",-43.8439759036145
"2558",-41.6170967741935
"2559",-43.0952941176471
"2560",-43.0021126760563
"2561",-49.0523255813954
"2562",-39.786582278481
"2563",-45.0893548387097
"2564",-43.8239024390244
"2565",-42.8066666666667
"2566",-41.465
"2567",-42.7522580645161
"2568",-44.3272222222222
"2569",-43.3843103448276
"2570",-48.0241818181818
"2571",-43.052
"2572",-45.2785483870968
"2573",-41.729014084507
"2574",-43.33375
"2575",-42.9104615384615
"2576",-41.6657627118644
"2577",-42.64375
"2578",-41.5142857142857
"2582",-43.8225
"2583",-43.0366666666667
"2584",-44.0887692307692
"2585",-46.0673469387755
"2586",-43.3408196721311
"2587",-41.5672222222222
"2588",-43.6395454545455
"2613",-43.9835
"2614",-44.3548387096774
"2615",-44.6867164179104
"2616",-43.88
"2617",-43.8664705882353
"2618",-46.2169642857143
"2619",-45.2928571428571
"2620",-44.0114285714286
"2621",-44.1923880597015
"2622",-45.3804761904762
"2624",-46.7918867924528
"2626",-45.4806756756757
"2627",-46.4463157894737
"2628",-45.3564516129032
"2629",-45.4776785714286
"2630",-46.8188888888889
"2631",-48.1621818181818
"2632",-46.7137735849057
"2633",-45.4120967741936
"2634",-45.214
"2635",-48.1091836734694
"2636",-48.2101923076923
"2637",-47.0632
"2638",-45.1184615384615
"2639",-47.4932258064516
"2640",-46.5368965517241
"2641",-46.5368965517241
"2642",-47.1383333333333
"2643",-47.9944444444444
"2644",-46.9666
"2645",-46.9083333333333
"2646",-45.191
"2647",-45.3379661016949
"2648",-47.0671428571429
"2649",-47.6708928571429
"2650",-44.8233898305085
"2651",-46.3346551724138
"2652",-49.262
"2653",-47.33
"2654",-46.2292857142857
"2655",-49.6143181818182
"2656",-48.3742
"2660",-43.3821917808219
"2661",-43.2475
"2662",-41.35
"2663",-42.8733766233766
"2664",-42.9809090909091
"2665",-42.4441428571429
"2666",-41.9338461538462
"2667",-43.075
"2668",-41.1609589041096
"2669",-40.7689473684211
"2670",-44.1213114754098
"2671",-42.7059302325581
"2672",-43.0947142857143
"2673",-42.4578873239437
"2674",-40.9208536585366
"2675",-41.7278571428571
"2676",-42.5787671232877
"2677",-41.0218292682927
"2678",-41.695
"2679",-42.4595945945946
"2680",-42.73
"2692",-43.6387804878049
"2693",-41.1651785714286
"2694",-42.73
"2695",-41.5071287128713
"2696",-41.7124242424242
"2697",-42.7513402061856
"2698",-44.4513684210526
"2699",-42.224
"2700",-44.1952808988764
"2701",-42.5313636363636
"2702",-42.8066666666667
"2723",-44.5661016949153
"2724",-43.3228169014085
"2725",-44.818904109589
"2726",-44.9167692307692
"2727",-46.18
"2728",-43.9463917525773
"2729",-43.1781443298969
"2730",-45.3314864864865
"2731",-45.8985526315789
"2732",-45.9122388059701
"2733",-44.0935714285714
"2734",-45.4650602409639
"2738",-43.3977419354839
"2742",-44.5891666666667
"2756",-44.3295454545455
"2757",-47.7795454545455
"2889",-47.64625
"2890",-47.0729411764706
"2891",-43.6870967741935
"2892",-45.5278082191781
"2894",-45.1848076923077
"2895",-47.422
"2896",-45.4192307692308
"2897",-43.5307407407407
"2898",-45.7315
"2902",-48.28
"2903",-48.2668292682927
"2904",-49.5217647058823
"2905",-48.02
"2906",-49.435
"2907",-45.4571428571429
"2908",-47.7044186046512
"2909",-49.1390384615385
"2910",-48.6145283018868
"2911",-53.2086440677966
"2912",-42.2670886075949
"2913",-42.5
"2914",-48.5479545454545
"2915",-48.6588888888889
"2916",-50.2165
"2917",-47.799387755102
"2918",-51.1869230769231
"2919",-45.8914545454545
"2920",-48.6423529411765
"2921",-47.0337288135593
"2922",-46.8162337662338
"2923",-47.9287931034483
"2924",-48.325
"2925",-47.5216666666667
"2926",-49.1390384615385
"2927",-53.4896875
"2928",-48.3266666666667
"2929",-48.3826923076923
"2933",-49.7397727272727
"2934",-49.9561818181818
"2935",-48.1447457627119
"2936",-48.8858823529412
"2938",-48.6187931034483
"2939",-46.358064516129
"2940",-50.8115068493151
"2941",-46.7236363636364
"2942",-44.0632203389831
"2943",-49.009
"2944",-47.4932258064516
"2945",-47.0968493150685
"2946",-44.3084931506849
"2947",-46.8083928571429
"2948",-45.95
"2949",-44.1647619047619
"2950",-45.97515625
"2952",-44.0311428571429
"2953",-46.2504081632653
"2954",-44.9749295774648
"2955",-45.74
"2956",-47.9475342465753
"2958",-45.835
"2959",-46.5447142857143
"2960",-46.8192647058823
"2961",-52.2959090909091
"2962",-45.3625
"2963",-43.6801639344262
"2964",-48.1992647058824
"2965",-44.9164935064935
"2966",-49.2
"2967",-44.118625
"2968",-52.0963829787234
"2969",-43.4539344262295
"2971",-53.9671428571429
"2972",-46.7933333333333
"2973",-49.1340625
"2974",-42.7881052631579
"2975",-44.1365384615385
"2976",-43.1690909090909
"2977",-47.5058823529412
"2978",-44.2229090909091
"2979",-47.0530612244898
"2980",-46.3972222222222
"2981",-44.1951851851852
"2982",-45.1969863013699
"2983",-46.0266666666667
"2984",-44.6047169811321
"2985",-44.4373076923077
"2986",-46.09
"2987",-44.2414285714286
"2988",-46.5414285714286
"2989",-44.9678378378378
"2990",-49.1316666666667
"2991",-44.8
"2994",-49.9276470588235
"2996",-48.4068181818182
"2998",-46.5112
"3000",-44.5940298507463
"3001",-44.732131147541
"3002",-48.2171428571429
"3003",-46.502
"3004",-45.1780821917808
"3006",-50.23375
"3007",-46.5825
"3008",-44.9916666666667
"3009",-46.87
"3010",-47.836
"3012",-49.1094736842105
"3013",-50.872
"3014",-48.25
"3015",-45.6089655172414
"3016",-46.4685454545455
"3017",-49.1042857142857
"3019",-46.2611764705882
"3021",-46.5296
"3022",-46.9944262295082
"3025",-43.0608219178082
"3026",-48.2992857142857
"3027",-47.5721052631579
"3029",-45.07
"3030",-46.1269230769231
"3032",-44.9054166666667
"3034",-49.768
"3035",-44.3571641791045
"3036",-47.3795384615385
"3037",-46.4905
"3038",-44.0627397260274
"3039",-43.8467105263158
"3040",-44.6142307692308
"3041",-44.5224137931034
"3042",-45.3695238095238
"3043",-45.85
"3044",-42.17
"3045",-47.5324
"3047",-50.403275862069
"3048",-46.8261904761905
"3049",-41.8535135135135
"3050",-42.592
"3052",-44.1866666666667
"3053",-45.1333707865168
"3054",-47.2082352941176
"3056",-47.0783018867925
"3057",-46.85921875
"3058",-46.4698
"3059",-46.9479032258064
"3060",-46.1911290322581
"3061",-45.6836842105263
"3062",-46.0785294117647
"3063",-44.9095238095238
"3064",-45.6625
"3065",-44.4883870967742
"3066",-44.4453271028037
"3067",-45.5112307692308
"3068",-45.130625
"3069",-43.9764516129032
"3070",-44.2135
"3071",-42.6238461538462
"3072",-43.7522222222222
"3073",-48.08
"3074",-46.4698
"3075",-43.9345762711864
"3076",-43.0116326530612
"3077",-43.5332835820896
"3081",-48.7675
"3082",-47.6216071428571
"3083",-50.4185714285714
"3084",-46.4148936170213
"3088",-46.7714285714286
"3089",-47.6778048780488
"3090",-48.7518181818182
"3091",-46.99075
"3092",-46.4916129032258
"3093",-48.32546875
"3094",-46.9313333333333
"3095",-46.1064
"3096",-48.1872727272727
"3097",-45.6144262295082
"3098",-47.7133333333333
"3099",-47.3216363636364
"3100",-48.9272222222222
"3101",-46.615
"3102",-45.3488636363636
"3103",-47.7394
"3104",-46.1003846153846
"3105",-44.7794029850746
"3106",-46.40640625
"3107",-44.9277777777778
"3108",-47.1164285714286
"3116",-47.0955769230769
"3131",-48.48
"3137",-47.1740677966102
"3138",-47.87
"3139",-44.63828125
"3140",-43.8685
"3141",-46.4221052631579
"3142",-43.4465384615385
"3143",-46.3274809160305
"3144",-44.4883870967742
"3145",-44.5595454545455
"3146",-46.387
"3147",-45.6529166666667
"3157",-48.4612244897959
"3159",-43.9011842105263
"3160",-45.1868181818182
"3164",-44.843125
"3165",-46.6892857142857
"3166",-47.1221153846154
"3167",-47.3985106382979
"3168",-44.915
"3169",-53.2038461538462
"3170",-46.9404081632653
"3171",-47.9206818181818
"3172",-48.986
"3173",-49.2779591836735
"3174",-49.3947727272727
"3175",-47.0248979591837
"3176",-48.6502
"3177",-50.0746666666667
"3178",-48.135
"3179",-47.1
"3180",-48.2781632653061
"3181",-49.99
"3182",-49.2930232558139
"3183",-45.4315254237288
"3207",-46.2687142857143
"3210",-48.0496774193548
"3212",-46.7903846153846
"3217",-45.2524590163934
"3218",-47.0014285714286
"3221",-47.3211538461538
"3222",-41.5225
"3224",-43.2912
"3226",-44.9698461538462
"3227",-45.1631578947368
"3228",-43.742
"3231",-44.6891071428571
"3233",-45.789
"3234",-46.4428571428571
"3238",-50.1180487804878
"3243",-47.3224590163934
"3244",-47.7571428571429
"3245",-48.6077777777778
"3246",-44.0192105263158
"3247",-45.3598113207547
"3248",-46.497619047619
"3250",-49.8525806451613
"3252",-50.065
"3253",-49.1004651162791
"3254",-47.4007692307692
"3257",-45.9171428571429
"3259",-45.517972972973
"3260",-49.68175
"3261",-47.4405769230769
"3262",-46.7725
"3263",-46.87
"3264",-49.4109523809524
"3268",-45.3421428571429
"3269",-46.4396774193548
"3270",-45.2404255319149
"3271",-54.5227272727273
"3272",-44.3138636363636
"3273",-41.0550806451613
"3274",-49.02625
"3275",-44.8
"3277",-46.5981818181818
"3279",-46.0621951219512
"3280",-47.606
"3281",-48.0642307692308
"3282",-53.5911111111111
"3283",-43.2858333333333
"3284",-43.42
"3286",-47.2234146341463
"3287",-46.9818918918919
"3289",-44.6365789473684
"3290",-47.9542857142857
"3291",-46.525
"3292",-43.765
"3293",-47.1497297297297
"3294",-46.2457142857143
"3295",-44.4205
"3296",-47.8912
"3297",-44.3016666666667
"3298",-47.3108333333333
"3299",-47.2045454545455
"3324",-43.2945454545455
"3325",-40.6668316831683
"3326",-43.606875
"3327",-40.8662068965517
"3328",-44.5324489795918
"3329",-46.7741666666667
"3330",-45.7085
"3331",-41.43625
"3332",-43.3156976744186
"3337",-44.8
"3338",-48.1969230769231
"3339",-40.7045161290323
"3341",-87.12
"3342",-51.7
"3344",-56.2342857142857
"3346",-40.6216666666667
"3354",-49.5936842105263
"3358",-54.1463636363636
"3364",-43.236
"3368",-48.5009090909091
"3369",-35.9296666666667
"3371",-50.895
"3375",-96.32
"3376",-40.775
"3378",-47.905
"3379",-63.016
"3383",-41.0188
"3384",-46.78375
"3388",-53.287
"3390",-47.8109090909091
"3391",-53.54
"3393",-48.6215384615385
"3394",-41.4717647058824
"3395",-45.92125
"3397",-54.0884615384615
"3399",-76.195
"3400",-193.84
"3402",-40.8242857142857
"3406",-43.0568421052632
"3409",-53.7125
"3411",-57.82375
"3412",-49.9436363636364
"3413",-35.68984375
"3417",-41.5123529411765
"3418",-45.3717142857143
"3423",-39.1754545454545
"3425",-53.126
"3432",-50.2669230769231
"3438",-59.405
"3439",-50.5323076923077
"3440",-39.5622727272727
"3443",-51.907
"3451",-43.5733333333333
"3452",-44.9271052631579
"3453",-46.088
"3454",-45.1994736842105
"3455",-45.5952542372881
"3456",-45.6124193548387
"3460",-38.1373248407643
"3461",-41.3216438356164
"3465",-47.4487096774194
"3469",-48.7757142857143
"3470",-47.905
"3471",-51.6391176470588
"3472",-48.066
"3473",-55.23625
"3477",-46.5173333333333
"3478",-45.3796
"3479",-45.0509090909091
"3480",-42.2632352941176
"3481",-43.3658823529412
"3482",-46.5780769230769
"3486",-40.0928767123288
"3487",-40.7823404255319
"3488",-41.3892682926829
"3489",-41.9563636363636
"3490",-42.7830769230769
"3494",-43.5950746268657
"3495",-44.8265384615385
"3499",-49.299375
"3503",-45.8408474576271
"3504",-46.0706097560976
"3509",-48.0046666666667
"3510",-52.6409090909091
"3511",-47.1043396226415
"3523",-53.0269230769231
"3524",-52.7792307692308
"3530",-48.1168421052632
"3534",-44.9725
"3535",-45.5272972972973
"3536",-42.9338636363636
"3537",-45.1285714285714
"3538",-42.5547619047619
"3539",-43.2089411764706
"3540",-45.5142105263158
"3541",-45.5269642857143
"3542",-44.8121052631579
"3545",-45.076
"3547",-45.025306122449
"3548",-44.2796721311475
"3549",-44.5478846153846
"3550",-46.3771428571429
"3551",-44.0839622641509
"3552",-42.6082352941176
"3553",-45.91
"3554",-44.0771428571429
"3555",-44.11
"3556",-46.608275862069
"3557",-44.40325
"3558",-43.0585714285714
"3559",-43.9457142857143
"3560",-42.5766666666667
"3561",-44.0839622641509
"3562",-43.9109615384615
"3563",-43.006
"3564",-43.8180769230769
"3565",-44.3317857142857
"3566",-44.7518604651163
"3567",-42.9836764705882
"3568",-44.5213461538462
"3569",-45.5263157894737
"3570",-44.5396226415094
"3571",-43.2576470588235
"3572",-45.4486
"3576",-38.82
"3580",-38.9925
"3581",-42.3685714285714
"3582",-43.8142857142857
"3583",-39.97
"3584",-43.42
"3588",-46.5976315789474
"3589",-43.995
"3590",-45.1752631578947
"3594",-45.32
"3595",-45.0677611940298
"3596",-45.9685483870968
"3600",-44.7405172413793
"3604",-41.3112359550562
"3605",-41.1265714285714
"3612",-45.5068292682927
"3613",-46.7038888888889
"3614",-43.8479746835443
"3615",-45.2161904761905
"3616",-44.3159701492537
"3617",-45.4705633802817
"3618",-44.2874285714286
"3619",-45.2928571428571
"3620",-46.2785714285714
"3827",-45.6029090909091
"3828",-43.9566666666667
"3832",-47.7242857142857
"3833",-45.26
"3834",-44.4178461538462
"3835",-46.6216
"3836",-48.3451724137931
"3837",-46.481875
"3841",-47.4855882352941
"3842",-47.9857446808511
"3843",-45.17375
"3844",-44.455
"3845",-42.937
"3847",-47.4554545454545
"3848",-48.6061290322581
"3849",-44.4186842105263
"3850",-42.4578873239437
"3851",-48.0376923076923
"3852",-45.0285625
"3853",-47.5418421052632
"3854",-47.5095121951219
"3855",-46.4414736842105
"3856",-49.7240909090909
"3857",-49.4790625
"3858",-46.2476470588235
"3859",-46.3291891891892
"3860",-48.043
"3861",-44.50675
"3862",-44.6689873417722
"3863",-44.0360714285714
"3864",-45.375
"3865",-45.57625
"3866",-44.179
"3867",-44.1746875
"3868",-46.2124705882353
"3869",-46.11
"3870",-45.9721686746988
"3871",-46.8497058823529
"3872",-45.2761971830986
"3873",-46.45
"3874",-46.5617021276596
"3875",-43.9
"3876",-45.88
"3877",-47.5472222222222
"3878",-45.4586363636364
"3879",-45.0083018867925
"3880",-42.73
"3881",-46.9590322580645
"3882",-47.0446835443038
"3883",-45.6816666666667
"3884",-44.3235714285714
"3885",-45.5666666666667
"3886",-48.3927586206897
"3887",-44.6118181818182
"3888",-43.74775
"3889",-44.0834615384615
"3890",-48.0147727272727
"3891",-44.7215909090909
"3892",-43.282
"3893",-43.9273529411765
"3894",-46.6046153846154
"3895",-42.169375
"3896",-47.2405555555556
"3898",-45.6231578947368
"3899",-40.97625
"3900",-44.0152941176471
"3901",-45.6078048780488
"3902",-44.482972972973
"3903",-45.7348387096774
"3904",-44.5564705882353
"3905",-49.1568571428571
"3906",-47.1353846153846
"3907",-47.0895454545455
"3908",-51.585
"3909",-42.1933333333333
"3910",-43.9882352941176
"3911",-45.4052631578947
"3912",-45.88
"3913",-42.6392105263158
"3915",-46.8393333333333
"3916",-47.7133333333333
"3917",-43.1735714285714
"3918",-47.1
"3919",-48.9676
"3920",-46.1269230769231
"3921",-43.8746511627907
"3922",-46.9083333333333
"3923",-45.1791208791209
"3924",-48.4381818181818
"3925",-46.7933333333333
"3926",-47.3075609756098
"3929",-46.3859701492537
"3930",-43.9608108108108
"3931",-46.3771428571429
"3932",-46.2982857142857
"3940",-48.206875
"3948",-42.73
"3949",-43.6762857142857
"3950",-43.5663636363636
"3951",-45.4072
"3952",-45.8615384615385
"3953",-42.70125
"4013",-45.6135820895522
"4056",-48.595
"4061",-43.915
"4062",-41.4037662337662
"4063",-49.2357142857143
"4066",-44.4643243243243
"4069",-45.9847169811321
"4101",-49.8423076923077
"4103",-42.2386363636364
"4147",-44.32
"4154",-38.9939024390244
"4177",-43.3962068965517
"4198",-44.8
"4234",-47.5124137931034
"4236",-42.7887234042553
"4239",-43.2183076923077
"4240",-44.965
"4276",-43.9292857142857
"4278",-47.4273076923077
"4282",-44.9228767123288
"4283",-49.0610526315789
"4376",-41.9080882352941
"4379",-51.40675
"4383",-45.5452
"4453",-43.63
"4458",-39.9042857142857
"4525",-42.0248351648352
"4534",-40.6464705882353
"5099",-42.9359701492537
"5105",-44.1911764705882
"5113",-43.045
"5349",-52.16
"5352",-45.265
"5357",-44.6365789473684
"5428",-48.5636363636364
"5433",-46.0372413793103
"5436",-47.8142105263158
"5451",-50.09
"5453",-42.28796875
"5530",-43.6664285714286
"5549",-44.1813793103448
"5848",-44.8356896551724
"5855",-45.4348
"5863",-41.105625
"5970",-48.986
"5978",-41.8313953488372
"5990",-41.0235483870968
"6277",-47.7481818181818
"6281",-44.1276923076923
"6285",-50.9164406779661
"6686",-41.7413432835821
"6688",-53.3355555555556
"6691",-39.9981632653061
"6694",-44.4422222222222
"6698",-39.193025210084
"6699",-38.7076136363636
"6878",-42.2125
"6880",-38.4585714285714
"6882",-68.0875
"7100",-42.61
"7103",-44.5376056338028
"7108",-42.9303225806452
"7109",-46.5961904761905
"7117",-40.1014285714286
"7267",-46.042
"7270",-48.5684615384615
"7272",-44.4498507462687
"7277",-43.6190384615385
"7367",-44.8985714285714
"7373",-43.1103846153846
"7550",-48.1872727272727
"7556",-41.7857894736842
"7558",-40.3038709677419
"7559",-43.7451724137931
"7564",-43.8493333333333
"7702",-43.8590909090909
"7705",-39.985
"7706",-46.0321428571429
"7877",-39.7078
"7881",-50.09
"7884",-43.4802013422819
"7888",-44.2964864864865
"8042",-50.1607692307692
"8044",-42.216511627907
"8050",-42.0968235294118
"8104",-43.88
"8109",-43.138064516129
"8112",-49.1952054794521
"8261",-41.695
"8263",-39.668125
"8268",-46.8853333333333
"8271",-46.4235294117647
"8274",-51.4585
"8367",-42.1076470588235
"8372",-40.2968421052632
"8373",-39.8373076923077
"8542",-40.0140425531915
"8554",-44.8707692307692
"8689",-47.7603225806452
"8692",-38.2046753246753
"8699",-43.885
"8700",-47.6386075949367
"8753",-40.131214953271
"8798",-45.1345454545455
"8927",-49.3790909090909
"8929",-44.432
"9083",-44.47
"9085",-42.1385714285714
"9089",-44.4236363636364
"9092",-43.512
"9138",-38.1435294117647
"9139",-42.7856451612903
"9140",-44.6002631578947
"9143",-45.6986046511628
"9144",-43.5028
"9276",-44.0548
"9293",-50.3675862068965
"9295",-40.3676271186441
"9297",-39.8696363636364
"9298",-48.9670588235294
"10137",-45.19890625
"10795",-40.6488709677419
"10799",-42.0853947368421
"10802",-45.6201886792453
"10858",-37.84
"10951",-43.1977966101695
"10958",-40.0056896551724
"10966",-43.3070909090909
"11053",-42.9522033898305
"11057",-38.6644117647059
"11058",-41.4323880597015
"11109",-37.7938461538462
"11121",-43.60328125
"11201",-44.5076271186441
"11221",-42.73
"11239",-49.469
"11242",-48.2666265060241
"11254",-41.5381818181818
"11281",-43.5818518518519
"11384",-39.2711538461538
"11447",-42.7683333333333
"11452",-44.6761538461538
"11484",-49.1371428571429
"11497",-40.4653846153846
"11547",-43.1516666666667
"11548",-41.1775
"11549",-42.6458536585366
"11641",-61.8775
"11653",-46.5176595744681
"11700",-46.0185106382979
"11713",-42.26425
"11714",-43.3777551020408
"11736",-42.2835294117647
"11740",-42.945625
"11743",-43.9608108108108
"11855",-41.8911764705882
"11967",-49.7190322580645
"12050",-38.9291525423729
"12054",-48.7428571428571
"12059",-43.6975
"12067",-40.9009523809524
"12160",-41.9951948051948
"12166",-45.64525
"12174",-41.6703571428571
"12223",-40.9485454545455
"12342",-42.3184210526316
"12388",-42.5270588235294
"12390",-57.5157142857143
"12401",-40.2903571428571
"12416",-44.9864864864865
"12436",-46.4032352941176
"12645",-47.9104761904762
"12843",-40.2842574257426
"12845",-44.0021875
"12850",-49.2255172413793
"12853",-44.14
"12869",-49.7474468085106
"12936",-41.0965306122449
"12949",-46.135
"12950",-44.4668965517241
"12959",-40.340243902439
"13001",-43.3886363636364
"13102",-44.0808450704225
"13105",-44.2085714285714
"13120",-40.6760465116279
"13144",-50.018125
"13169",-45.69125
"13190",-42.4217021276596
"13193",-43.1339024390244
"13249",-39.7235714285714
"13439",-48.5747058823529
"13514",-51.4970588235294
"13518",-41.6873333333333
"13520",-42.5549253731343
"13524",-42.85
"13630",-47.9261224489796
"13636",-46.18
"13638",-40.0942
"13654",-39.3835
"13664",-43.6244444444444
"13690",-43.7905555555556
"13763",-52.2175
"13766",-42.5383333333333
"13844",-44.0060273972603
"13865",-46.6907792207792
"13873",-41.43625
"13954",-50.2836842105263
"14013",-229.72
"14040",-48.06671875
"14128",-42.3275
"14130",-42.4191208791209
"14132",-47.896976744186
"14134",-42.5219047619048
"14137",-44.1215
"14147",-46.2065384615385
"14154",-41.7494736842105
"14243",-46.43875
"14245",-43.696
"14309",-49.3872222222222
"14310",-41.4978571428571
"14363",-52.3634615384615
"14368",-42.73
"14373",-45.7857142857143
"17513",-43.9889473684211
"17517",-42.8100892857143
"17550",-40.51625
"17685",-52.1088888888889
"17686",-44.6416393442623
"17727",-42.9188421052632
"17797",-42.2146835443038
"17799",-42.9050746268657
"17801",-51.3661290322581
"17803",-41.3922448979592
"17835",-42.5716393442623
"17911",-47.8015
"17912",-42.2815
"17914",-41.4561538461538
"17959",-45.2495454545455
"18004",-54.2934482758621
"18028",-39.8098214285714
"18118",-42.2595454545455
"18121",-44.0913513513513
"18127",-48.2088059701493
"18139",-41.1706
"18238",-43.9470833333333
"18314",-51.8335483870968
"18415",-45.7246
"18460",-48.5582978723404
"18472",-44.118313253012
"18473",-42.9095890410959
"18475",-40.1838028169014
"18505",-44.7469230769231
"18546",-45.22
"18562",-45.685
"18565",-39.4126923076923
"18567",-42.0922727272727
"18581",-43.6889830508475
"18582",-40.2657142857143
"18605",-45.2475675675676
"18657",-52.597
"18666",-39.648
"18783",-46.6728571428571
"18810",-43.9566666666667
"18816",-40.1342857142857
"18819",-42.43890625
"18838",-42.454
"18897",-49.7605405405405
"19024",-43.0027906976744
"19028",-49.9366666666667
"19030",-44.6479661016949
"19033",-41.695
"19037",-41.8590163934426
"19066",-47.5846428571429
"19110",-45.283
"19177",-45.72
"19180",-47.1909302325581
"19186",-43.1854
"19197",-44.3993548387097
"19280",-43.5878378378378
"19300",-39.6670731707317
"19307",-53.6467857142857
"19310",-42.3668421052632
"19380",-44.0045833333333
"19410",-43.4767123287671
"19424",-39.3365573770492
"19425",-43.4563157894737
"19645",-49.285
"19821",-50.4002325581395
"19828",-42.0562352941176
"19830",-42.891
"19833",-40.1342857142857
"19862",-46.6204255319149
"19914",-43.5678571428571
"19949",-45.0123076923077
"19951",-43.1242857142857
"19960",-40.0518644067797
"20071",-54.2718181818182
"20076",-46.1098305084746
"20082",-40.89
"20093",-49.3924590163934
"20097",-42.548021978022
"20179",-43.2576470588235
"20190",-42.0318823529412
"20215",-42.5657142857143
"20251",-43.342375
"20316",-51.1114705882353
"20511",-44.9281428571429
"20512",-47.0365517241379
"20517",-42.896265060241
"20519",-44.4129268292683
"20521",-40.915
"20543",-42.7522580645161
"20614",-44.6761538461538
"20618",-47.33575
"20620",-43.558
"20695",-44.5437142857143
"20702",-46.64
"20725",-44.2964864864865
"20780",-41.7558823529412
"20781",-39.9602816901408
"20787",-48.0715517241379
"20817",-42.9232
"20866",-43.0205263157895
"20869",-48.48
"20987",-47.2306818181818
"21008",-43.7579591836735
"21012",-39.5727272727273
"21014",-52.0806896551724
"21016",-45.9828571428571
"21019",-40.9640677966102
"21065",-46.356511627907
"21067",-42.780487804878
"21069",-41.09125
"21077",-47.1
"21107",-44.1665573770492
"21114",-44.34
"21142",-53.6596
"21145",-42.1362790697674
"21208",-38.502380952381
"21209",-46.280625
"21210",-46.18
"21213",-44.4180357142857
"21234",-39.4406849315069
"21236",-41.0965306122449
"21243",-70.9259090909091
"21293",-43.9397402597403
"21350",-92.41
"21409",-39.004
"21410",-54.848125
"21421",-45.2066071428571
"21424",-40.843417721519
"21502",-43.1856603773585
"21507",-42.2371428571429
"21547",-43.1358823529412
"21550",-45.49
"21553",-38.1957142857143
"21569",-48.565
"21639",-54.598
"21643",-40.5961111111111
"21647",-48.1697674418605
"21655",-39.8057142857143
"21663",-44.7659259259259
"21687",-42.8106493506493
"21711",-49.4104545454545
"21722",-42.1626666666667
"21767",-43.2740384615385
"21784",-50.9333333333333
"21810",-44.34
"21812",-41.7890909090909
"21813",-42.8732075471698
"21822",-41.7003076923077
"21865",-41.695
"21866",-44.81
"21868",-44.0141666666667
"21910",-45.467
"21917",-47.9363636363636
"21944",-40.1170491803279
"21953",-44.524
"21996",-44.2371052631579
"22002",-49.4255555555556
"22009",-48.94
"22015",-42.9449180327869
"22022",-42.2891666666667
"22064",-48.9267307692308
"22067",-43.3616901408451
"22071",-50.0851063829787
"22080",-44.1592857142857
"22081",-46.108125
"22094",-44.02375
"22102",-41.9235064935065
"22187",-49.2042553191489
"22191",-42.9870588235294
"22243",-43.3395
"22277",-47.383488372093
"22280",-43.3170149253731
"22282",-44.7382089552239
"22287",-40.4691489361702
"22367",-38.3035849056604
"22384",-45.538515625
"22397",-41.6751724137931
"22454",-50.9834615384615
"22456",-51.4762162162162
"22463",-44.4057142857143
"22532",-42.6028947368421
"22554",-41.998
"22571",-41.7756074766355
"22586",-40.545
"22622",-42.0911111111111
"22639",-40.66
"22662",-50.7664705882353
"22678",-52.1721052631579
"22709",-43.5894736842105
"22712",-134.5
"22728",-47.3467272727273
"22748",-43.6095604395604
"22752",-44.1601818181818
"22753",-43.9621428571429
"22756",-43.0848571428571
"22760",-50.9624137931035
"22816",-44.1522448979592
"22818",-48.0844
"22835",-45.7522
"22845",-46.6152307692308
"22871",-45.8415094339623
"22897",-47.192
"22898",-44.5546666666667
"22912",-50.2295081967213
"22949",-41.8011538461538
"22951",-43.0106779661017
"22984",-44.14
"22998",-44.4347058823529
"23017",-46.5648076923077
"23059",-43.0405
"23061",-50.3730769230769
"23127",-50.0242857142857
"23164",-41.971
"23170",-39.175
"23173",-45.22
"23174",-42.84
"23263",-45.49
"23264",-38.2066666666667
"23270",-46.3362264150943
"23297",-44.6668421052632
"23353",-42.8992452830189
"23354",-44.501
"23364",-42.2891666666667
"23389",-44.915
"23392",-47.3362162162162
"23426",-47.724776119403
"23430",-46.1901470588235
"23431",-44.1881132075472
"23471",-41.35
"23492",-43.1934328358209
"23575",-52.1044827586207
"23655",-45.4739534883721
"23658",-42.8770491803279
"23659",-46.2163157894737
"23663",-42.5164285714286
"23676",-51.263
"25134",-43.6064864864865
"25138",-40.2414754098361
"25144",-45.7534545454545
"25161",-43.16125
"25210",-46.7568852459016
"25246",-41.2894736842105
"25248",-40.5614285714286
"25256",-50.7976923076923
"25271",-41.7681818181818
"25319",-47.0507142857143
"25358",-41.1758252427184
"25361",-42.6874074074074
"25365",-46.4514754098361
"25394",-41.2588679245283
"25423",-46.2822222222222
"25481",-47.9658823529412
"25545",-47.3057894736842
"25552",-40.77859375
"25558",-43.864406779661
"25559",-44.7883050847458
"25560",-48.465625
"25624",-48.0857142857143
"25626",-45.3710344827586
"25632",-37.3060759493671
"25639",-44.9925581395349
"25666",-41.6716101694915
"25713",-45.5546875
"25716",-47.3382142857143
"25727",-42.4790909090909
"25733",-47.4421951219512
"25821",-45.0653846153846
"25825",-43.7862962962963
"25826",-44.7888709677419
"25848",-43.0279545454545
"25857",-48.0870833333333
"25878",-44.9470491803279
"25934",-41.258
"25940",-52.5352631578947
"26009",-50.92375
"26026",-49.546724137931
"26052",-42.7497142857143
"26053",-45.0237837837838
"26054",-52.1493023255814
"26056",-40.6286363636364
"26182",-44.593
"26187",-45.4118867924528
"26192",-40.9536170212766
"26321",-47.12875
"26337",-47.1195744680851
"26342",-44.2704651162791
"26347",-40.7551724137931
"26391",-43.6186363636364
"26393",-43.7598507462687
"26396",-45.6173846153846
"26397",-50.1916279069767
"26401",-42.5623364485981
"26402",-43.604
"26422",-40.2912068965517
"26471",-48.3440909090909
"26531",-48.2239622641509
"26992",-42.5164285714286
"26993",-44.6118181818182
"27012",-44.5812195121951
"27016",-43.730985915493
"27098",-37.8659259259259
"27103",-46.3054545454545
"27114",-38.2833333333333
"27119",-43.9996
"27420",-48.4196721311475
"27428",-49.2075510204082
"27446",-44.5628125
"27449",-45.3865
"27452",-37.33
"27458",-42.3894805194805
"27699",-42.775
"27715",-42.7656896551724
"27730",-42.2488157894737
"27735",-40.645625
"27741",-44.1752702702703
"27746",-46.7748275862069
"27789",-52.39
"27815",-43.558
"27883",-49.730625
"27914",-44.363
"27915",-41.8905
"27917",-41.1035714285714
"27924",-47.4470909090909
"28004",-40.9666666666667
"28008",-43.6229411764706
"28017",-48.5457142857143
"28059",-42.7576
"28073",-45.6704615384615
"28117",-43.445875
"28119",-47.57
"28122",-47.5
"28129",-39.6436486486487
"28130",-47.2725
"28145",-43.5087142857143
"28168",-42.6515909090909
"28193",-47.395
"28195",-44.7265957446808
"28210",-43.2087755102041
"28238",-42.27
"28306",-53.5728571428571
"28415",-49.5458536585366
"28432",-46.3054545454545
"28462",-41.8011538461538
"28473",-44.82875
"28488",-41.4745833333333
"28532",-46.1172727272727
"28553",-46.2106666666667
"28555",-43.370206185567
"28568",-46.6783333333333
"28573",-42.8858064516129
"28578",-44.1313402061856
"28629",-40.844
"28733",-47.47
"28744",-43.915
"28752",-42.9261052631579
"28794",-42.0930769230769
"28867",-43.9594545454545
"28877",-43.3707142857143
"28894",-46.2224615384615
"28896",-48.411
"29157",-48.983125
"29223",-42.69765625
"29226",-46.2785714285714
"29234",-42.3255172413793
"29236",-49.2357142857143
"29239",-38.85
"29297",-49.147
"29331",-43.9611764705882
"29335",-39.58
"29391",-42.5610204081633
"29394",-43.3816666666667
"29400",-49.61275
"29404",-44.8811764705882
"29453",-46.3259615384615
"29478",-42.868
"29492",-46.6432857142857
"29534",-52.42
"29619",-44.4617647058824
"29621",-41.6070588235294
"29625",-43.4873170731707
"29630",-41.2402272727273
"29670",-43.1652307692308
"29679",-44.57575
"29685",-50.0476315789474
"29696",-42.8066666666667
"29745",-46.7621875
"29775",-43.7083582089552
"29778",-45.4263076923077
"29797",-42.0525454545455
"29811",-48.94
"29870",-48.551875
"29921",-42.3233928571429
"29929",-46.6157894736842
"29976",-42.4245901639344
"29982",-51.01
"30038",-48.1765957446809
"30044",-49.3342857142857
"30069",-46.2153846153846
"30075",-39.2446153846154
"30122",-45.5122580645161
"30161",-43.903
"30174",-43.888679245283
"30215",-48.2094117647059
"30233",-41.7613461538461
"30286",-48.2828571428571
"30301",-43.1944230769231
"30331",-38.7625
"30341",-45.2301298701299
"30352",-43.1652307692308
"30463",-41.1008333333333
"30465",-51.401
"30467",-43.392027027027
"30471",-38.4931578947368
"30531",-195.91
"30545",-46.5602040816326
"30565",-44.6990243902439
"30570",-45.3382
"30577",-39.7565979381443
"30632",-48.3277464788732
"30642",-52.735
"30659",-40.3495
"30668",-44.5876923076923
"30691",-46.2785714285714
"30721",-42.30953125
"30725",-45.0051351351351
"30775",-50.1475
"30822",-46.1579787234043
"30824",-51.3765625
"30860",-42.08
"30862",-41.5980898876404
"30868",-41.722380952381
"30876",-42.1968181818182
"30947",-44.5821052631579
"30956",-46.1015909090909
"30960",-41.8744
"31016",-48.1178723404255
"31024",-45.2039024390244
"31032",-40.40125
"31049",-45.7954098360656
"31074",-41.3924615384615
"31081",-46.3615789473684
"31093",-50.4925
"31115",-44.6572413793103
"31234",-48.9818181818182
"31240",-43.3669230769231
"31242",-41.3132978723404
"31246",-47.6921276595745
"31263",-41.695
"31266",-43.5318918918919
"31312",-47.1744117647059
"31316",-41.5254237288136
"31331",-43.9667924528302
"31361",-45.4165957446808
"31364",-43.3863414634146
"31386",-43.16
"31388",-54.9857142857143
"31396",-40.7871052631579
"31470",-40.8968656716418
"31496",-41.8994444444444
"31503",-44.7273684210526
"31510",-45.9146153846154
"31536",-44.0853571428571
"31562",-55.6192
"31621",-43.9611764705882
"31623",-44.059512195122
"31626",-43.4720754716981
"31631",-40.6950847457627
"31636",-45.5220930232558
"31638",-46.66
"31664",-43.7517307692308
"31681",-53.2525
"31692",-43.3718604651163
"31711",-41.6002197802198
"31728",-46.7076470588235
"31740",-43.2091666666667
"31759",-40.0291428571429
"31774",-39.2616
"31787",-45.4005555555556
"31807",-55.2011111111111
"31840",-46.1288888888889
"31860",-51.9237837837838
"31865",-42.0759375
"31868",-42.5624285714286
"31876",-42.5707692307692
"31880",-44.731
"31912",-47.5177551020408
"31939",-45.7838888888889
"31951",-40.5151851851852
"31974",-50.00375
"31989",-52.5715789473684
"31993",-43.8496226415094
"32000",-37.4580898876404
"32039",-41.7890909090909
"32060",-42.856338028169
"32079",-40.2482258064516
"32113",-50.8128571428571
"32147",-42.592
"32152",-49.9547058823529
"32173",-48.1842857142857
"32198",-38.1524390243902
"32201",-48.5566666666667
"32207",-41.971
"32209",-43.4288461538462
"32221",-44.6825531914894
"32241",-46.87
"32261",-46.001935483871
"32266",-46.6504545454545
"32272",-46.8484375
"32288",-44.4274
"32290",-42.2215789473684
"32298",-44.4786301369863
"32318",-50.64775
"32326",-42.91975
"32343",-46.2405263157895
"32355",-46.4060344827586
"32362",-42.565
"32384",-45.352
"32403",-41.2765957446808
"32420",-46.6290476190476
"32427",-47.7325
"32438",-41.9901204819277
"32468",-48.25
"32486",-42.466404494382
"32490",-49.4953658536585
"32494",-44.2383720930233
"32532",-41.7387323943662
"32544",-42.6460810810811
"32549",-46.3472727272727
"32553",-43.0906818181818
"32568",-44.984
"32581",-44.1215
"32585",-46.3141666666667
"32598",-49.0414705882353
"32603",-42.1107692307692
"32611",-45.0108333333333
"32621",-44.9085393258427
"32637",-50.5889830508475
"32701",-42.2733823529412
"32703",-41.488
"32708",-42.514375
"32715",-44.7586
"32763",-45.7237096774194
"32771",-46.41
"32785",-41.0580769230769
"32790",-44.1360377358491
"32807",-47.8644117647059
"32831",-40.0924193548387
"32874",-47.1797959183673
"32882",-46.962
"32917",-45.605
"32927",-45.1510526315789
"32930",-48.02
"32956",-38.3554
"32964",-42.4188235294118
"32966",-42.408
"33015",-46.9668421052632
"33020",-50.2397674418605
"33032",-38.889
"33036",-44.7342857142857
"33044",-43.3248275862069
"33060",-44.1291666666667
"33079",-47.5781578947368
"33088",-40.5671153846154
"33108",-43.68953125
"33138",-50.987
"33149",-40.4728813559322
"33165",-40.5603333333333
"33213",-40.8052631578947
"33215",-76.54
"33225",-47.012380952381
"33239",-48.4178378378378
"33247",-40.7952941176471
"33253",-40.9792537313433
"33255",-40.5007692307692
"33269",-43.065504587156
"33334",-48.5540677966102
"33340",-45.8287272727273
"33347",-42.04
"33354",-47.516875
"33382",-40.2840384615385
"33406",-44.193275862069
"33417",-42.8370689655172
"33425",-47.8109090909091
"33431",-45.0217857142857
"33472",-42.3436
"33477",-50.4709375
"33484",-46.8418367346939
"33495",-40.1214634146341
"33507",-48.1786206896552
"33556",-45.6214285714286
"33580",-42.3685714285714
"33582",-43.48
"33585",-48.5303125
"33591",-40.5808196721311
"33593",-41.44703125
"33597",-41.019375
"33630",-48.7911764705882
"33692",-42.8482857142857
"33700",-44.7581818181818
"33709",-41.092
"33741",-43.4402941176471
"33763",-42.638
"33771",-40.7168235294118
"33821",-47.53125
"33823",-48.2746428571429
"33832",-39.9981632653061
"33862",-47.889552238806
"33944",-46.3121276595745
"33967",-42.5884615384615
"33969",-41.2908571428571
"34004",-44.4385714285714
"34007",-41.09125
"34027",-40.6945
"34032",-41.1154
"34038",-45.03
"34090",-42.8532142857143
"34108",-43.5823529411765
"34116",-48.8431578947368
"34168",-46.401320754717
"34172",-43.7311764705882
"34278",-40.4696551724138
"34293",-40.8109375
"34295",-40.5923529411765
"34297",-40.9651923076923
"34300",-49.8271428571429
"34336",-39.7504545454545
"34339",-47.675
"34354",-48.010612244898
"34377",-43.8142857142857
"34407",-45.0453333333333
"34431",-48.71575
"34437",-37.6581443298969
"34450",-43.7313414634146
"34455",-42.4255882352941
"34505",-90.8575
"34549",-49.078
"34564",-48.5227906976744
"34571",-42.5980882352941
"34573",-41.4447058823529
"34577",-41.8453846153846
"34592",-39.1710526315789
"34620",-49.1625806451613
"34654",-44.9271052631579
"34679",-45.6492307692308
"34856",-43.3830357142857
"34859",-44.0533582089552
"34861",-43.24
"34918",-48.2686486486487
"34924",-44.3818181818182
"34945",-42.8741791044776
"34963",-40.7575
"34989",-43.3376119402985
"34994",-43.075
"35005",-46.6091463414634
"35011",-47.05
"35072",-49.4575
"35177",-48.9093333333333
"35179",-38.8167142857143
"35186",-40.9572307692308
"35188",-40.7263461538462
"35218",-45.2464705882353
"35234",-44.3930769230769
"35246",-44.3941176470588
"35258",-42.8763636363636
"35267",-45.12775
"35271",-44.7843181818182
"35319",-47.320612244898
"35342",-47.4634
"35352",-44.6926666666667
"35360",-43.0122727272727
"35371",-43.1751612903226
"35438",-44.2782926829268
"35481",-45.1942857142857
"35486",-42.5263934426229
"35534",-48.7177966101695
"35556",-47.3175675675676
"35563",-41.13
"35565",-41.0375471698113
"35569",-43.5166
"35581",-40.48
"35656",-43.6
"35661",-39.843661971831
"35667",-46.8894366197183
"35675",-43.2012195121951
"35696",-50.5691666666667
"35721",-48.2367307692308
"35725",-41.6110810810811
"35730",-47.376
"35741",-43.7016326530612
"35757",-44.4484905660377
"35790",-44.32
"35817",-47.1083636363636
"35827",-41.7263636363636
"35836",-43.158275862069
"35868",-44.11
"35875",-51.4444444444444
"35916",-46.6139175257732
"35922",-52.64875
"35926",-43.3403846153846
"35944",-45.964375
"35953",-41.5544444444444
"35955",-40.4957142857143
"35958",-52.1928571428571
"35972",-42.1063461538462
"35992",-45.8933846153846
"36005",-44.54125
"36007",-43.4455555555556
"36010",-42.7555555555556
"36019",-43.1133333333333
"36025",-47.8053333333333
"36029",-43.9345762711864
"36040",-44.2706849315068
"36046",-47.2758823529412
"36054",-43.2261797752809
"36074",-40.9292682926829
"36078",-43.9773076923077
"36080",-46.1003846153846
"36084",-46
"36087",-47.275
"36094",-50.6384615384615
"36097",-41.9473134328358
"36113",-42.6090721649485
"36127",-47.0120588235294
"36129",-44.4587912087912
"36142",-40.8778947368421
"36150",-44.6896
"36152",-37.5245588235294
"36155",-41.2985074626866
"36164",-42.0957575757576
"36232",-45.1763636363636
"36243",-40.8044186046512
"36411",-40.2511111111111
"36421",-46.6328125
"36428",-47.3409523809524
"36444",-46.4936363636364
"36451",-40.855
"36455",-40.3752380952381
"36459",-42.1574468085106
"36502",-47.9781818181818
"36513",-42.3045
"36517",-44.1630769230769
"36522",-38.9029896907216
"36524",-47.1353846153846
"36534",-45.745
"36546",-41.7503703703704
"36572",-44.7554838709677
"36584",-44.4040983606557
"36592",-45.57625
"36598",-49.1078378378378
"36643",-46.3935714285714
"36654",-44.3071428571429
"36671",-44.5166071428571
"36673",-43.3239240506329
"36731",-47.8644117647059
"36764",-49.0385714285714
"36789",-43.995
"36819",-40.9261428571429
"36820",-50.0133333333333
"36827",-41.437619047619
"36877",-45.46125
"36880",-44.5135849056604
"36894",-48.3091428571429
"36899",-42.0763157894737
"36912",-42.3521428571429
"36943",-43.187012987013
"36954",-50.7258823529412
"36967",-40.8543661971831
"36993",-42.2101369863014
"37009",-45.6344186046512
"37014",-47.6250943396226
"37293",-49.4731818181818
"37440",-40.6497014925373
"37486",-55.7414285714286
"37532",-49.2521428571429
"37576",-47.1267441860465
"37589",-49.8910810810811
"37596",-40.5166233766234
"37597",-41.9852380952381
"37599",-41.8717073170732
"37750",-42.658125
"38035",-42.9665714285714
"38046",-39.8685294117647
"38054",-42.9842105263158
"38172",-48.6663793103448
"38803",-46.8909090909091
"38810",-41.437619047619
"38823",-42.1811363636364
"38825",-43.305
"39048",-43.2253846153846
"43770",-44.5850819672131
"43803",-48.4854117647059
"43805",-45.8875
"43856",-38.2184615384615
"43869",-46.64
"43870",-44.0515254237288
"43918",-50.32
"44138",-45.0258181818182
"44148",-39.9821052631579
"44158",-40.9441176470588
"44159",-41.4589473684211
"44160",-50.32
"44394",-45.3238888888889
"44556",-46.2611764705882
"44566",-42.412972972973
"44569",-41.9869230769231
"45483",-44.2753125
"45486",-50.1517073170732
"45500",-49.5592307692308
"45523",-41.3705970149254
"45552",-42.8803846153846
"45630",-45.2069230769231
"45652",-46.4854098360656
"45690",-45.05392
"45728",-42.145
"45743",-42.385
"46344",-40.935
"46376",-45.1174
"46381",-49.270625
"46399",-40.3690361445783
"46400",-41.2747272727273
"46402",-39.6759016393443
"46415",-45.2490476190476
"46585",-42.206935483871
"52615",-44.578679245283
"52628",-42.7476923076923
"52630",-44.31125
"52633",-46.3045833333333
"55632",-47.7426470588235
"55637",-43.9284210526316
"55682",-47.29
"55696",-40.8571428571429
"55723",-44.5762162162162
"55732",-41.7908333333333
"55759",-43.6081818181818
"55775",-48.3527659574468
"55898",-43.1366071428571
"55913",-43.8263333333333
"55923",-51.5135135135135
"55929",-43.9991071428571
"55930",-40.376261682243
"55936",-43.465
"55965",-41.9673684210526
"55991",-41.36725
"56004",-47.6130769230769
"56012",-43.8578846153846
"56021",-41.3012941176471
"56051",-47.948125
"56060",-48.2656818181818
"56070",-43.1133333333333
"56075",-42.2826373626374
"56265",-40.1471621621622
"56271",-48.9991428571429
"56285",-39.2884146341463
"56291",-43.135
"56341",-47.9143243243243
"56446",-45.8570212765957
"56449",-43.1495945945946
"56456",-42.6815789473684
"56457",-50.2388235294118
"56460",-42.76
"56497",-48.8815254237288
"56519",-45.6534210526316
"56526",-46.4974
"56543",-41.5256363636364
"56558",-47.1985714285714
"56566",-46.3972222222222
"56584",-44.4422222222222
"56611",-50.78
"56616",-43.8116216216216
"56628",-40.18275
"56724",-45.0559677419355
"56744",-39.4322058823529
"56749",-40.8472857142857
"56751",-43.765
"56752",-49.9834146341463
"56807",-41.37
"56817",-46.7815384615385
"56819",-40.3012
"56833",-40.3089473684211
"57067",-44.026724137931
"57073",-41.5256363636364
"57076",-43.6847674418605
"57300",-46.8026829268293
"57332",-43.7293103448276
"57338",-45.4286666666667
"57349",-42.7468292682927
"57353",-45.191
"57356",-43.2839436619718
"57371",-47.12
"57400",-46.3067346938776
"57443",-47.7481818181818
"57460",-43.075
"57480",-49.5672727272727
"57488",-41.94
"57512",-45.8036363636364
"57518",-43.319375
"57520",-44.8445161290323
"57569",-46.825
"57573",-45.2446666666667
"57596",-45.2674193548387
"57601",-42.9753333333333
"57654",-44.6407692307692
"61362",-48.618
"61718",-40.3752380952381
"61726",-40.864
"63683",-46.8991549295775
"64368",-42.7034615384615
"64411",-43.0838461538462
"64426",-47.0908
"64437",-37.07
"64477",-46.0266666666667
"64526",-45.2025
"64533",-40.7487142857143
"64534",-44.4606557377049
"64535",-48.178125
"64567",-47.180985915493
"64618",-45.2332558139535
"64628",-50.7277272727273
"64634",-43.7545454545455
"64660",-46.9607894736842
"64662",-45.9110169491525
"64670",-42.5888636363636
"64694",-45.03
"64699",-48.0304545454545
"64703",-41.5984
"64749",-45.3707407407407
"65100",-43.8680519480519
"65174",-45.9335714285714
"65176",-43.1589189189189
"65323",-42.0881395348837
"65741",-50.3002857142857
"65802",-48.595
"66225",-46.9826530612245
"66951",-43.3286764705882
"66956",-43.3830357142857
"66964",-40.315
"66966",-43.1624
"66982",-48.9093333333333
"67328",-45.5381395348837
"67332",-45.3661538461538
"67338",-43.578125
"67377",-42.1211764705882
"67759",-55.6542307692308
"67767",-41.7034146341463
"67797",-43.42
"67903",-42.6061538461538
"67910",-43.0529787234043
"67912",-43.6870967741935
"67919",-46.2408823529412
"67929",-38.6263157894737
"67955",-46.0165789473684
"67964",-42.546
"67969",-45.9346666666667
"67972",-43.8432
"67981",-49.6522580645161
"67986",-45.8016129032258
"67993",-41.8197872340426
"68014",-43.9791379310345
"68018",-44.9577142857143
"68064",-42.5644
"68133",-39.1852941176471
"68140",-41.8
"68142",-43.9042105263158
"68146",-50.5251351351351
"68165",-41.0444285714286
"68180",-45.4133333333333
"68187",-46.8502857142857
"68237",-46.8876923076923
"68239",-38.5050769230769
"68250",-41.7970422535211
"68252",-41.794406779661
"68264",-44.5564705882353
"68304",-42.1330337078652
"68313",-44.8853608247423
"68320",-44.1302941176471
"68323",-45.7623684210526
"68349",-41.9780769230769
"68378",-49.055
"68393",-38.6782558139535
"68576",-41.84
"68606",-45.1652941176471
"68614",-45.6094230769231
"68616",-47.8629268292683
"68641",-40.8979310344828
"68660",-43.9640384615385
"68666",-46.8531707317073
"68670",-40.9523728813559
"73061",-47.5255
"73250",-43.943064516129
"73266",-47.3382142857143
"73270",-41.8428571428571
"73275",-42.6290243902439
"73361",-38.084
"73366",-44.9112903225806
"73373",-42.635125
"73377",-41.7187931034483
"73434",-41.9503
"73444",-44.3624390243902
"73449",-45.3971153846154
"73452",-41.1358620689655
"73614",-44.3576923076923
"73646",-40.4482954545455
"73648",-43.9295384615385
"73652",-49.1490909090909
"73657",-42.28
"73671",-44.0890909090909
"73735",-45.33475
"73737",-45.9621052631579
"73740",-44.785625
"73755",-41.49015625
"73780",-43.5555357142857
"73787",-45.7565909090909
"73813",-40.2566153846154
